,Name,Open Date (GMT),Close Date (GMT),Website,Whitepaper,Asset,ICO Size ($m),subreddits
0,Opus,7/21/2017,8/24/2017,http://opus-foundation.org/,https://opus-foundation.org/whitepaper.pdf,OPT,1.33,opusfoundation
1,Paquarium,6/22/2017,8/24/2017,https://ico.paquarium.com/#executiveteam,https://ico.paquarium.com/wp-content/uploads/2017/06/Whihte-Paper.pdf,PQT,0.62,none
2,Agrello,7/16/2017,8/17/2017,https://www.agrello.org/,https://docs.agrello.org/Agrello-Self-Aware_Whitepaper-English.pdf,DLT,26.14,Agrello
3,Tierion,7/27/2017,8/10/2017,https://tokensale.tierion.com/,https://tokensale.tierion.com/TierionTokenSaleWhitePaper.pdf,TNT,25.04,tierion
4,Blocktix,7/7/2017,8/7/2017,https://www.blocktix.io/,https://www.blocktix.io/public/doc/blocktix-wp-draft.pdf#whitepaper,TIX,6.98,blocktix
5,district0x Network,7/18/2017,8/1/2017,https://district0x.io/,https://district0x.io/docs/district0x-whitepaper.pdf,DNT,13.19,district0x
6,SunContract,6/30/2017,8/1/2017,https://suncontract.org/,https://suncontract.org/res/whitepaper.pdf,SNC,2.41,suncontract
7,FundYourselfNow,6/13/2017,7/31/2017,https://www.fundyourselfnow.com/#,https://www.fundyourselfnow.com/wp-content/uploads/2017/04/FYN-Business_Outline-2017.pdf,FYN,0.74,fundyourselfnow
8,Giga Watt,6/2/2017,7/31/2017,https://cryptonomos.com/wtt/,,WTT,18.68,none
9,Blocktix,7/7/2017,7/28/2017,https://blocktix.io/,https://blocktix.io/public/doc/blocktix-wp-draft.pdf#whitepaper,TIX,6.89,blocktix
10,RootProject,7/10/2017,7/28/2017,https://www.rootproject.co/,https://docs.wixstatic.com/ugd/903af2_2e38351151e5444b8a488fb9ee7af43a.pdf,ROOTS,3.5,RootProject
11,TrueFlip,6/28/2017,7/28/2017,https://ico.trueflip.io/,https://trueflip.io/TrueFlip%20Whitepaper(01.06).pdf?1,TFL,4.04,trueflip
12,GeoFounders,6/25/2017,7/26/2017,http://www.geofounders.com/ico/,http://www.geofounders.com/GeoFoundersWhitePaper.pdf,GUNS,0.23,geofounders
13,Primalbase,6/26/2017,7/26/2017,http://primalbase.com/,http://primalbase.com/assets/PrimalbaseWP.pdf,PBT,6.82,none
14,Dent,7/11/2017,7/26/2017,https://www.dentcoin.com/,,DENT,4.1,dentcoin
15,Eros,7/9/2017,7/23/2017,https://eros.vision/,https://eprint.iacr.org/2016/464.pdf,EROS,4.86,none
16,SkinCoin,6/21/2017,7/21/2017,https://skincoin.org/,https://skincoin.org/whitepaper.pdf,SKIN,3.32,SkinCoin
17,Gilgam,6/20/2017,7/20/2017,https://ico.gilgam.es/ico,https://ico.gilgam.es/whitepaper/Gilgam.es.whitepaper.pdf,GGS,0.22,none
18,Gilgam.es,6/20/2017,7/20/2017,https://ico.gilgam.es/,https://ico.gilgam.es/whitepaper/Gilgam.es.whitepaper.pdf,GGS,0.21,none
19,Pillar,7/15/2017,7/17/2017,https://pillarproject.io/,,PLR,18.53,PillarProject
20,CoinDash,7/17/2017,7/17/2017,https://coindash.io/,https://coindash.io/coindash-whitepaper.pdf,CDT,0.0,CoinDash
21,Sumerchain,6/17/2017,7/17/2017,https://sumerchain.com/,https://sumerchain.com/images/button3.png,SMET,0.0,none
22,Mothership,7/7/2017,7/16/2017,https://mothership.cx/,https://mothership.cx/documents/whitepaper.pdf,MSP,4.69,MothershipExchange
23,Bitquence,6/28/2017,7/16/2017,https://www.bitquence.com/,,BQX,1.23,Bitquence
24,PressOne,7/12/2017,7/15/2017,https://ico.info/projects/1,\,PRS,82.0,pressone
25,SONM,6/15/2017,7/15/2017,https://sonm.io/,https://sonm.io/Sonm1.pdf,SNM,42.0,SONM
26,Orocrypt,6/14/2017,7/14/2017,https://orocrypt.com/#,https://orocrypt.com/docs/whitepaper.pdf,OROC,0.14,Orocrypt
27,Tezos,7/1/2017,7/13/2017,https://www.tezos.com/,https://www.tezos.com/static/papers/white_paper.pdf,XTZ,232.0,tezos
28,InsureX,7/10/2017,7/13/2017,https://insurex.co/,https://insurex.co/wp-content/uploads/2017/05/insurex_whitepaper.pdf,IXT,17.27,insureX
29,Nimiq,6/28/2017,7/12/2017,https://nimiq.com/,https://icobazaar.com/static/8943c304a27c457957350ecaf4d97c08/NimiqAFrictionlessPaymentProtocolNativetotheWeb.pdf,NET,14.53,Nimiq
30,ATBcoin,6/12/2017,7/12/2017,https://atbcoin.com/,https://atbcoin.com/whitepaper-en/,ATB,10.84,ATBcoin
31,LeviarCoin,4/7/2017,7/9/2017,https://leviarcoin.org/,https://leviarcoin.org/assets/pdf/LeviarCoin_White_Paper_v1.pdf,XLC,0.77,none
32,OnPlace,6/6/2017,7/6/2017,http://investments.onplace.io/,https://github.com/OnPlace/Documents/blob/master/pdf/Whitepaper.pdf,OPL,0.92,none
33,Polybius,5/31/2017,7/5/2017,https://polybius.io/,https://polybius.io/media/prospectus.pdf,PLBT,31.65,none
34,Santiment,7/4/2017,7/5/2017,https://santiment.net,https://docs.google.com/document/d/1hHmJQWrPrObSgCA8kTbk-4LgqGbYzukQAjtg5b8jwc0,SAN,12.09,santiment
35,OpenANX,,7/4/2017,https://www.openanx.org/en/,https://www.openanx.org/en/assets/whitepaper/openANX_Technical_White_Paper_ENU.pdf,OAX,18.76,OpenANX
36,Rialto,6/26/2017,7/4/2017,https://www.rialto.ai/,https://www.rialto.ai/wp-content/uploads/2017/06/RIALTO.AI_Whitepaper.pdf,XRL,10.0,Rialto
37,Starta,7/4/2017,7/4/2017,https://startaico.com/,https://startaico.com/files/whitepaper.pdf,Starta,5.0,Starta
38,CrypViser,5/20/2017,7/4/2017,https://ico.crypviser.net/,https://ico.crypviser.net/static/docs/CrypViserWhitepaper_en.pdf,,3.93,Crypviser
39,Rialto.AI,6/28/2017,7/3/2017,https://www.rialto.ai/,https://www.rialto.ai/wp-content/uploads/2017/06/RIALTO.AI_Whitepaper.pdf,,10.0,none
40,EncryptoTel,4/24/2017,7/1/2017,https://encryptotel.com/,,ETT,4.52,Encryptotel
41,AdEx,6/30/2017,6/30/2017,https://www.adex.network/,https://www.adex.network/adex/AdEx-Whitepaper-v1.4.pdf,ADX,12.31,AdEx
42,BlockPool,5/1/2017,6/30/2017,https://blockpool.io,https://blockpool.io/docs/BLOCK_WP_A.pdf,BPL,1.75,blockpool
43,DCORP,6/1/2017,6/29/2017,https://www.dcorp.it/crowdsale,https://github.com/frankbonnet/DCORP-Whitepaper/blob/master/whitepaper%20v0.3.2_EN-revised.pdf,DRP,5.05,dcorp
44,Air,6/1/2017,6/29/2017,https://tokeninvestor.com/crowdfunding/air,,XID,0.0,SphreCo
45,21 Million,6/12/2017,6/28/2017,https://www.21million.co.uk/,https://docs.wixstatic.com/ugd/1478f4_a14804b687c44e4d8a9edbce5f7852e3.pdf,21M,0.38,none
46,SilverCoin,6/21/2017,6/27/2017,https://silvercoin.io/,https://silvercoin.io/whitepaper/,SVC,0.21,silvercoin
47,iDice,6/11/2017,6/26/2017,https://crowdsale.idice.io/,https://crowdsale.idice.io/idice-whitepaper.pdf,ICE,2.02,iDice
48,Octanox,5/25/2017,6/26/2017,https://octanox.org/,https://octanox.org/whitepaper.pdf,OTX,0.0,none
49,Wagerr,6/1/2017,6/25/2017,https://wagerr.com/,https://wagerr.com/wagerr_whitepaper_v1.pdf,WGR,9.92,Wagerr
50,CryptoPing,5/25/2017,6/25/2017,https://cryptoping.tech/,https://cryptoping.tech/cp_whitepaper_en.pdf,PING,0.39,CryptoPing
51,NVO,5/23/2017,6/25/2017,https://nvo.io/,https://nvo.io/assets/whitepaper.pdf,NVO,0.0,NVO
52,TenX,6/24/2017,6/24/2017,https://www.tenx.tech/,https://www.tenx.tech/whitepaper/tenx_whitepaper_final.pdf,PAY,83.11,TenX
53,MaskNetwork,5/24/2017,6/24/2017,http://masknetwork.com/,http://masknetwork.com/white_paper.pdf,MSK,0.0,maskcoin
54,OmiseGO,6/22/2017,6/23/2017,https://omg.omise.co/,https://cdn.omise.co/omg/whitepaper.pdf,OMG,21.0,omise_go
55,FootballCoin,5/24/2017,6/23/2017,https://www.xfccoin.io/,,XFC,2.42,footballcoin
56,Civic,6/21/2017,6/22/2017,https://www.civic.com/,https://tokensale.civic.com/CivicTokenSaleWhitePaper.pdf,CVC,33.0,CivicPlatform
57,Status,6/17/2017,6/21/2017,https://status.im/,https://blog.status.im/introducing-status-ethereum-918b1447274,SNT,95.0,status_token
58,Internet of Coins,3/21/2017,6/21/2017,https://coinstorm.net/en,https://coinstorm.net/whitepaper_ioc.pdf,HYBRID,1.1,none
59,Monaco,5/18/2017,6/18/2017,https://mona.co/,https://mona.co/monaco-whitepaper.pdf,MCO,10.29,MonacoCard
60,BidLend,5/20/2017,6/14/2017,http://www.bidlend.io/,,BLC,0.0,none
61,Minexcoin,5/15/2017,6/13/2017,https://minexcoin.com/,https://minexcoin.com/html/download/wpeng.pdf,MNC,0.0,minexcoin
62,SuperDAO,6/13/2017,6/13/2017,http://www.superdao.io/,https://icobazaar.com/static/5d851c6035cf18e85eb9d2ac321f45d3/Pokereum-Whitepaper-version_0.4_modded-HashInfo.pdf,SUP,0.0,SuperDao
63,Bancor,6/12/2017,6/12/2017,https://www.bancor.network/,https://www.bancor.network/static/Bancor_Protocol_Whitepaper_en.pdf,BNT,153.0,Bancor
64,Aira,5/25/2017,6/11/2017,http://aira.life/,http://aira.life/wp-content/uploads/2017/05/Aira_robot_economics_doctrine.pdf,AIR,1.02,none
65,Zrcoin,5/11/2017,6/9/2017,https://zrcoin.io/,https://zrcoin.io/files/Whitepaper_ENG.pdf,ZRC,7.01,zrcoin
66,EcoBit,4/9/2017,6/8/2017,http://www.ecobit.io/en/index.html,https://icobazaar.com/static/759089087958b06bc44a6c2494189f3f/Technology_-_ECOBIT.pdf,ECOB,3.49,ecobit
67,Cofound.it,6/4/2017,6/6/2017,https://cofound.it/en/,https://cofounditmedia.s3-eu-west-1.amazonaws.com/documents/Cofound.it_business_plan_Na27itB.pdf,CFI,11.34,cofoundit
68,VOISE,5/6/2017,6/6/2017,https://voise.it/,https://voise.it/whitepaper-voise.pdf,VSM,0.41,voise
69,Patientory,5/31/2017,6/3/2017,https://patientory.com/,https://patientory.com/patientory_whitepaper.pdf,PTOY,6.52,PTOY
70,Embermine,5/5/2017,6/2/2017,https://embermine.com/,https://embermine.com/about-embermine/the-embermine-manifesto/,EMB,0.08,Embermine
71,Adel,5/1/2017,6/1/2017,https://www.adelphoi.io/,https://www.adelphoi.io/content/pdf/wp_1.pdf,ADL,1.21,Adel
72,Basic Attention Token,5/31/2017,5/31/2017,https://basicattentiontoken.org/,https://basicattentiontoken.org/BasicAttentionTokenWhitePaper-4.pdf,BAT,35.0,BasicAttentionToken
73,Exscudo,4/25/2017,5/31/2017,https://exscudo.com/,https://exscudo.com/Whitepaper_v1.0.pdf,EON,5.3,EXSCUDO
74,Mysterium Network,5/30/2017,5/30/2017,https://mysterium.network/,https://mysterium.network/whitepaper.pdf,MYST,14.1,MysteriumNetwork
75,Suretly,5/16/2017,5/30/2017,https://www.ico.suretly.com/,https://suretly.com/docs/Suretly_whitepaper_v1.2.pdf,SUR,1.68,Suretly
76,Veritaseum,4/25/2017,5/26/2017,http://veritas.veritaseum.com/,,VER,9.58,Veritaseum
77,Metal,5/26/2017,5/26/2017,https://www.metalpay.com/,,METAL,0.03,MetalPay
78,MobileGo,4/25/2017,5/25/2017,https://mobilego.io/,https://mobilego.io/pdf/MobileGo-Whitepaper.pdf,MOBILEGO,53.07,MobileGo
79,Storj,5/19/2017,5/25/2017,https://storj.io/index.html,https://storj.io/storj.pdf,STORJ,29.22,storj
80,E4ROW,5/2/2017,5/22/2017,https://www.e4row.co.il/,https://medium.com/e4row/e4row-development-blueprint-d6284c78bf1a,E4ROW,0.86,E4ROW
81,Viva Coin,5/1/2017,5/21/2017,https://vivaco.in/,https://s3.amazonaws.com/vivacoin/viva-white-paper-v-2-1.pdf,VIVA,0.0,none
82,Aragon,5/17/2017,5/17/2017,https://aragon.one/,,ANT,24.75,aragon
83,BitcoinGrowthFund,4/27/2017,5/17/2017,https://bitcoingrowthfund.com/mcap,,MCAP,19.35,none
84,Peerplays,2/26/2017,5/15/2017,https://www.peerplays.com/,https://www.peerplays.com/docs/Peerplays_Whitepaper.pdf,PEERPLAYS,1.46,Peerplays
85,Ethbits,4/15/2017,5/15/2017,https://www.ethbits.com/,https://ico.ethbits.com/white_paper.pdf,ETB,1.28,Ethbits
86,Legends Room,4/18/2017,5/15/2017,https://legendsroomlv.com/,\,LGD,1.23,LegendsLGD
87,BOScoin,5/9/2017,5/10/2017,https://boscoin.io/en/home/,https://icobazaar.com/static/10839a54594c1935932ea3013647ed64/BOScoinWhitePaper.pdf,BOS,17.92,boscoin
88,Nexxus,5/8/2017,5/8/2017,http://www.nexxuscoin.com/sections/company/21/nexxuscoin/index.html,,NXX,0.0,NexxusRewards
89,Quantum Resistant Ledger,5/1/2017,5/7/2017,https://theqrl.org/,https://theqrl.org/whitepaper/QRL_whitepaper.pdf,QRL,4.16,QRL
90,TokenCard,5/2/2017,5/2/2017,https://tokencard.io/,http://tokencard.io/tokencard_whitepaper.pdf,TKN,12.7,TokenCard
91,Creativechain,3/15/2017,5/1/2017,https://www.creativechain.org,http://creativechain.org/whitepaper/,CREA,0.35,none
92,Apptrade,2/28/2017,4/30/2017,https://www.apptrade.io/,https://ito.apptrade.io/docs/opp.pdf,APPX,0.24,none
93,Lunyr,3/29/2017,4/28/2017,https://lunyr.com/,https://github.com/Lunyr/Lunyr/blob/master/Lunyr_White_Paper_ENG.pdf,LUN,5.32,Lunyr
94,Back to Earth,4/26/2017,4/28/2017,https://backto.earth/,https://backto.earth/blog/back-to-earth-white-paper/,SRC,0.97,none
95,TaaS,3/27/2017,4/27/2017,https://taas.fund/,http://taas.fund/media/whitepaper.pdf,TAAS,7.57,taasfund
96,Humaniq,4/6/2017,4/27/2017,https://humaniq.co/,,HMQ,5.16,Humaniq
97,Gnosis,4/24/2017,4/24/2017,https://gnosis.pm/,https://gnosis.pm/resources/default/pdf/gnosis_whitepaper.pdf,GNO,12.25,gnosisPM
98,IEX.EC,4/19/2017,4/19/2017,http://iex.ec/,http://iex.ec/wp-content/uploads/2017/04/iExec-WPv2.0-English.pdf,RLC,12.12,iexec
99,WeTrust,3/2/2017,4/12/2017,https://www.wetrust.io/,https://www.wetrust.io/#home-section-whitepaper,TRST,4.66,WeTrustPlatform
100,Blockchain Capital,4/10/2017,4/10/2017,http://blockchain.capital/,,BCAP,10.0,vctoken
101,Aeternity,4/3/2017,4/6/2017,https://www.aeternity.com/,http://blockchain.aeternity.com/%C3%A6ternity-blockchain-whitepaper.pdf,XAE,22.63,Aeternity
102,Cosmos Network,4/6/2017,4/6/2017,https://cosmos.network/,https://cosmos.network/whitepaper,ATOM,16.8,TheCosmos
103,Cosmos,4/5/2017,4/5/2017,https://cosmos.network/,,,0.39,TheCosmos
104,Matchpool,4/2/2017,4/3/2017,https://matchpool.co/,https://matchpool.co/wp-content/uploads/2016/12/Matchpool_Whitepaper_140117.pdf,GUP,5.63,Matchpool
105,Equibit,2/1/2017,3/31/2017,http://equibitgroup.com/,http://equibit.org/equibit.pdf,EQB,1.14,Equibit
106,Chain of Points,2/26/2017,3/31/2017,https://chainofpoints.com/,https://chainofpoints.com/cop_whitepaper.pdf,POINTS,0.01,ChainOfPoints
107,CashScripter,2/28/2017,3/30/2017,https://www.cashscripter.com/,https://www.cashscripter.com/themes/cs/assets/docs/whitepaper.pdf,XCS,0.19,none
108,Qtum,3/16/2017,3/21/2017,https://qtum.org/en/,https://qtum.org/uploads/files/cf6d69348ca50dd985b60425ccf282f3.pdf,QTUM,15.43,Qtum
109,Edgeless,2/28/2017,3/21/2017,https://edgeless.io/,https://github.com/EdgelessCasino/White_paper/blob/master/White_Paper.pdf,EDG,2.65,Edgeless
110,Lykke,2/9/2017,2/28/2017,https://www.lykke.com/,https://www.lykke.com/ico/Whitepaper_LykkeExchange.pdf,Lykke,1.21,lykke
111,Augmentors,1/31/2017,2/28/2017,http://www.augmentorsgame.com/,http://www.augmentorsgame.com/wp-content/uploads/2017/01/170130.cln-Augmentor-ICO-Sale-Agreement.pdf,DBT,1.09,Augmentors
112,Lykke (2nd round),2/8/2017,2/27/2017,https://www.lykke.com/,,LKK,1.97,lykke
113,Contingency,1/31/2017,2/27/2017,https://contingency.tech/,,,0.39,none
114,Etheroll,2/12/2017,2/26/2017,https://etheroll.com/,https://etheroll.wordpress.com/,DICE,0.29,etheroll
115,Melon,2/15/2017,2/15/2017,https://melonport.com/,https://github.com/melonproject/greenpaper/blob/master/melonprotocol.pdf,MLN,2.9,MelonProject
116,Chronobank,12/15/2016,2/14/2017,https://chronobank.io/,https://chronobank.io/files/whitepaper.pdf,LH,5.4,ChronoBank
117,Dfinity,2/11/2017,2/13/2017,https://dfinity.network/,https://dfinity.network/documentation/,DFN,3.75,dfinity
118,Tokes,12/1/2016,1/14/2017,http://cannabisrevolution.us/,,TKS,0.25,tokesplatform
119,Wings,11/18/2016,1/6/2017,https://www.wings.ai/#!/home/discover,https://wingsfoundation.ch/?whitepaper=1,WINGS,2.07,WingsDAO
120,BetKing,11/30/2016,12/31/2016,https://betking.io/,,BKB,0.55,betking
121,Darcrus,12/21/2016,12/28/2016,https://darcr.us/,https://darcr.us/docs/Darcrus-Use-Cases.pdf,DAR,0.3,darcrus
122,BlockCDN,12/10/2016,12/26/2016,http://www.blockcdn.org/,http://www.blockcdn.org/file/BlockCDN1.2.pdf,BCDN,0.3,none
123,Ether.camp,10/20/2016,12/22/2016,http://www.ether.camp/,,HKG,0.65,HKGTrader
124,Virtual Accelerator,10/19/2016,12/21/2016,http://www.ether.camp/,,,0.65,hackergold
125,Mysterium (1st round),12/16/2016,12/18/2016,https://mysterium.network/,https://mysterium.network/whitepaper.pdf,,0.05,MysteriumNetwork
126,vDice,11/15/2016,12/15/2016,https://www.vdice.io/,https://blog.vdice.io/what-is-vdice-ether-gambling/,vSLICE,1.65,vDice
127,Ark,11/7/2016,12/11/2016,https://ark.io/,https://ark.io/whitepaper/,ARK,1.0,ArkEcosystem
128,Golos,11/1/2016,12/4/2016,https://golos.io/,https://wiki.golos.io/1-introduction/golos_whitepaper.html,GOLOS,0.45,Golos
129,Incent,9/30/2016,11/30/2016,https://www.incentloyalty.com/,,INCNT,1.0,Incent
130,Beyond the Void,11/1/2016,11/30/2016,https://www.beyond-the-void.net/,https://www.beyond-the-void.net/wiki/tag/ico/,Nexium,0.33,BeyondTheVoidGame
131,MassNetwork,9/25/2016,11/30/2016,https://mass.network/,,,0.25,massnetwork
132,Arcade City,11/1/2016,11/29/2016,https://arcade.city/,https://docs.google.com/document/d/1Fm39dHCJmAAZ-P5C-qOc4P2f0Vx__84AhDD98LPNLVY,ARC,0.64,arcadecity
133,ETCWin,11/23/2016,11/23/2016,https://www.etcwin.com/,http://etcwin.com/html/ETCWin_en.html,WIN,1.31,none
134,Komodo,10/15/2016,11/20/2016,https://komodoplatform.com/,https://komodoplatform.com/downloads/Komodo_dPoW_Whitepaper_v1.pdf,KMD,1.98,komodoplatform
135,Golem,11/11/2016,11/11/2016,https://golem.network/,https://golem.network/doc/Golemwhitepaper.pdf,GNT,8.6,GolemProject
136,Kibo Lotto,9/30/2016,11/9/2016,https://kiboplatform.net/en/landing.html,https://kiboplatform.net/_alldata/files/kibowhitepaper.pdf,,1.9,Kibo
137,Decent,9/11/2016,11/6/2016,https://decent.ch/,https://wiki.decent.ch/doku.php,DCT,4.13,Decent_Donald
138,Synereo,9/19/2016,10/17/2016,https://www.synereo.com/,https://github.com/synereo/synereo.github.io/raw/master/whitepapers/synereo.pdf,AMP,4.7,Synereo
139,Lykke (1st round),9/11/2016,10/9/2016,https://www.lykke.com/,,LKK,1.15,lykke
140,SingularDTV,10/2/2016,10/2/2016,https://singulardtv.com/,,SNGLS,7.5,SingularDTV
141,Iconomi,8/25/2016,9/26/2016,https://www.iconomi.net/,,ICN,10.5,ICONOMI
142,First Blood,9/26/2016,9/26/2016,https://firstblood.io/sale/,,1SÅ¦,5.5,None
143,Antshares,8/8/2016,9/7/2016,https://www.antshares.org/,http://docs.antshares.org/zh-cn/white-paper.html,ANT,3.5,Antshares
144,Metaverse,9/5/2016,9/5/2016,http://viewfin.com/index.html#team,https://github.com/ViewFin/Metaverse/blob/master/Metaverse%20White%20Paper(draft)-EN.pdf,ETP,3.0,metaverse
145,BlockPay,8/20/2016,9/5/2016,https://blockpay.ch/,,,0.66,blockpay
146,Elastic,3/11/2016,8/19/2016,http://www.elastic-project.com/,,XEL,0.42,XEL
147,HEAT,7/11/2016,8/16/2016,http://heatledger.com/,http://heatledger.com/HEATWhitepaper.pdf,HEAT,0.9,"heatledger, heatledgerisascam"
148,Icoo,5/19/2016,7/30/2016,https://www.icoo.io/,,ICOO,0.37,none
149,Xaurum,,7/16/2016,https://rico.xaurum.org/,,Xaurum,0.85,xaurum
150,Stratis,,7/16/2016,https://stratisplatform.com/,https://stratisplatform.com/files/Stratis_Whitepaper.pdf,STRAT,0.6,"stratis, stratisplatform"
151,Breakout Coin,6/13/2016,7/7/2016,http://www.breakoutcoin.com/,https://github.com/BreakoutCoin/Breakout-Chain-Whitepaper/releases/download/1.0/Breakout-Chain-WP-1.0.pdf,BRK,0.56,BreakoutCoin
152,Waves,,6/1/2016,https://wavesplatform.com/downloads.html#,,WAVES,16.0,WavesPlatform
153,Rise,,6/1/2016,https://rise.vision/,,RISE,1.1,Rise_Coin
154,Plutus,,6/1/2016,https://getplutons.plutus.it/,https://plutus.it/assets/Plutus.it-White-Paper-v1.1.pdf,GBP,1.0,plutus
155,Mycelium  (2nd round),4/30/2016,5/17/2016,https://wallet.mycelium.com/,https://wallet.mycelium.com/crowdsale.pdf,,2.33,mycelium
156,The DAO,4/30/2016,5/1/2016,https://forum.daohub.org/,https://daowiki.atlassian.net/wiki/,DAO,152.0,the_DAO
157,Project Decorum,4/3/2016,5/1/2016,http://www.project-decorum.com/,http://www.project-decorum.com/live-proof-of-concept/,PDC,0.43,safenet
158,Ionomy,,4/1/2016,https://ionomy.com/,https://github.com/ionomy/ion/wiki/ION-Technical-Whitepaper,ION,0.5,ionomy
159,DigixGlobal,3/29/2016,3/29/2016,https://dgx.io/,,,5.5,digix
160,DigixDAO,3/28/2016,3/28/2016,https://www.dgx.io/,https://dgx.io/whitepaper.pdf,DGD,5.5,digix
161,Lisk,2/22/2016,3/21/2016,https://lisk.io/,https://docs.lisk.io/docs,LSK,5.8,Lisk
162,Obits,,1/1/2016,https://obits.io/,,OBITS,0.3,obits
163,Iota,11/24/2015,12/20/2015,https://iota.org/,\,IOTA,0.44,Iota
164,Augur,8/17/2015,10/1/2015,https://augur.net/,http://docs.augur.net/,REP,5.14,Augur
165,Spells of Genesis,8/3/2015,9/1/2015,https://spellsofgenesis.com/,,,0.53,SpellsOfGenesis
166,Factom,3/30/2015,5/14/2015,https://www.factom.com/,,FCT,0.54,factom
167,NeuCoin,4/27/2015,4/30/2015,http://www.neucoin.org/en/,,NEU,0.63,neucoin
168,DacPlay,1/4/2015,2/21/2015,https://dacplay.org/en/,,,0.59,none
169,GetGems,11/30/2014,1/4/2015,http://getgems.org,,GEMZ,0.74,GetGems
170,MUSE,6/9/2014,12/3/2014,http://www.museblockchain.com,,MUSE,0.54,Peertracks
171,SuperNET,4/29/2014,9/22/2014,http://thesupernet.org/,,UNITY,2.5,supernet
172,Ethereum,7/23/2014,9/2/2014,https://ethereum.org/,https://github.com/ethereum/wiki/wiki/White-Paper,ETH,18.44,ethereum
173,Storjcoin X,7/17/2014,8/17/2014,https://storj.io/index.html,https://github.com/Storj/,SJCX,0.42,storj
174,Swarm,7/16/2014,7/19/2014,https://swarmcorp.com/,,SWARM,0.74,swarm
175,MaidSafeCoin,4/21/2014,5/21/2014,https://maidsafe.net/,https://github.com/maidsafe/Whitepapers/blob/master/Project-Safe.md,MAID,6.0,MaidSafeCoin
176,Counterparty,1/2/2014,2/3/2014,https://counterparty.io/,https://github.com/CounterpartyXCP/Documentation/blob/master/Developers/protocol_specification.md,XCP,1.79,counterparty
